1574603581118,0.12281600000000001,49.2643401524268
1574903581118,0.136723,54.84275972723627
1575203581118,0.141003,56.55956678700361
1575503581118,0.13465579999999996,54.01355796229441
1575803581118,0.121252,48.63698355395106
1576103581118,0.141143,56.61572402727637
1576403581118,0.14164100000000002,56.815483353389496
1576703581118,0.12578499999999998,50.45527476935418
1577003581118,0.12304199999999998,49.35499398315282
1577303581118,0.120574,48.36502206177297
1577603581118,0.12354799999999999,49.557962294424385
1577903581118,0.130571,52.3750501403931
1578203581118,0.13009099999999998,52.18251103088648
1578503581118,0.13086399999999998,52.49257922182109
1578803581118,0.10256299999999999,41.140393100681905
1579103581118,0.10243799999999999,41.09025270758122
1579403581118,0.10271799999999999,41.20256718812676
1579703581118,0.114813,46.05415162454874
1580003581118,0.11373799999999999,45.62294424388287
1580303581118,0.10555299999999998,42.33975130365021
1580603581118,0.10119500000000001,40.591656638588056
1580903581118,0.10135500000000001,40.655836341756924
1581203581118,0.114902,46.089851584436424
1581503581118,0.12136699999999999,48.68311271560369
1581803581118,0.11055,44.34416365824308
1582103581118,0.12922799999999998,51.83634175691937
1582403581118,0.129474,51.935018050541515
1582703581118,0.116298,46.64981949458484
1583003581118,0.11586499999999998,46.47613317288407
1583303581118,0.116085,46.564380264741274
1583603581118,0.11619299999999999,46.607701564380264
1583903581118,0.116503,46.732049739269954
1584203581118,0.11683199999999999,46.864019253910946
1584503581118,0.11717299999999997,47.0008022462896
1584803581118,0.11742199999999997,47.10068190934616
1585103581118,0.11748000000000001,47.12394705174489
1585403581118,0.11683099999999999,46.86361813076614
1585703581118,0.11580700000000001,46.45286803048536
1586003581118,0.11030000000000001,44.24388287204172
1586303581118,0.095071,38.13517849979944
1586603581118,0.10948499999999999,43.91696750902527
1586903581118,0.12927820000000004,51.85647813878862
1587203581118,0.09399230000000003,37.702486963497805
1587503581118,0.0865212,34.70565583634176
1587803581118,0.1232274,49.42936221419976
1588103581118,0.1357915,54.46911351784999
1588403581118,0.1351705,54.22001604492579
1588703581118,0.0891595,35.76393902928199
1589003581118,0.13452350000000002,53.96048937023667
1589303581118,0.13569150000000002,54.429001203369445
1589603581118,0.1377805,55.26694745286803
1589903581118,0.1404265,56.32831929402327
1590203581118,0.14165650000000002,56.821700762133986
1590503581118,0.1415,56.758924989971916
1590803581118,0.13882039999999998,55.68407541115121
1591103581118,0.10143429999999998,40.68764540713998
1591403581118,0.11525139999999999,46.23000401123144
1591703581118,0.1151264,46.17986361813077
1592003581118,0.1175454,47.150180505415165
1592303581118,0.11853230000000001,47.54604893702367
1592603581118,0.11877639999999999,47.643963096670674
1592903581118,0.11876130000000003,47.637906137184125
1593203581118,0.1215884,48.77192137986362
1593503581118,0.1220003,48.937144003208985
1593803581118,0.1219794,48.92876052948255
1594103581118,0.1216189,48.78415563578019
1594403581118,0.11923740000000001,47.828880866426
1594703581118,0.08995929999999999,36.08475732049739
1595003581118,0.11002840000000001,44.134937825912566
1595303581118,0.08992645,36.07158042519053
1595603581118,0.10673040000000002,42.81203369434417
1595903581118,0.12392230000000001,49.70810268752508
1596203581118,0.1436854,57.63553951062976
1596503581118,0.1456703,58.43172884075412
1596803581118,0.0895324,35.91351784997994
1597103581118,0.13683030000000002,54.8858002406739
1597403581118,0.14679340000000002,58.88223024468513
1597703581118,0.14510089999999998,58.20332932210188
1598003581118,0.1446204,58.01058965102287
1598303581118,0.09020429999999999,36.183032490974725
1598603581118,0.1132474,45.42615322904132
1598903581118,0.1130513,45.34749298034497
1599203581118,0.11410839999999998,45.77152025671881
1599503581118,0.11475330000000002,46.030204572803854
1599803581118,0.11514229999999999,46.18624147613317
1600103581118,0.11514930000000001,46.189049338146816
1600403581118,0.11666429999999998,46.79675090252707
1600703581118,0.1165183,46.738186923385484
1601003581118,0.11556330000000001,46.35511432009628
1601303581118,0.11585780000000001,46.473245086241484
1601603581118,0.11139139999999999,44.681668672282385
1601903581118,0.0914943,36.70048134777377
1602203581118,0.10483399999999998,42.05134376253509
1602503581118,0.106364,42.665062174087446
1602803581118,0.10634699999999998,42.658243080625745
1603103581118,0.10721099999999999,43.00481347773766
1603403581118,0.10736699999999999,43.06738868832731
1603703581118,0.108467,43.50862414761332
1604003581118,0.109564,43.9486562374649
1604303581118,0.108934,43.69594865623746
1604603581118,0.11143900000000002,44.70076213397514
1604903581118,0.11793799999999999,47.30766145206578
1605203581118,0.11511099999999999,46.17368632170076
1605503581118,0.113928,45.69915764139591
1605803581118,0.11267600000000001,45.196951464099484
1606103581118,0.11460899999999999,45.97232250300842
1606403581118,0.114496,45.92699558764541
1606703581118,0.12069800000000001,48.41476133172885
1607003581118,0.12098199999999999,48.52868030485359
1607303581118,0.11980299999999998,48.05575611712795
1607603581118,0.12017399999999998,48.20457280385077
1607903581118,0.11661000000000002,46.774969915764146
1608203581118,0.11659400000000002,46.768551945447264
1608503581118,0.116308,46.65383072603289
1608803581118,0.115733,46.42318491776975
1609103581118,0.11608599999999998,46.56478138788607
1609403581118,0.11987999999999996,48.086642599277965
1609703581118,0.12163199999999999,48.789410348977135
1610003581118,0.121117,48.58283192940233
1610303581118,0.120184,48.208584035298834
1610603581118,0.109621,43.97152025671881
1610903581118,0.10682900000000001,42.85158443642199
1611203581118,0.10584899999999998,42.458483754512635
1611503581118,0.105713,42.40393100681909
1611803581118,0.108871,43.67067789811472
1612103581118,0.11191499999999999,44.89169675090252
1612403581118,0.11388499999999999,45.68190934616927
1612703581118,0.11621299999999998,46.615724027276364
1613003581118,0.11430699999999999,45.85118331327717
1613303581118,0.11214899999999997,44.98555956678699
1613603581118,0.10944999999999999,43.90292819895708
1613903581118,0.10813900000000001,43.37705575611713
1614203581118,0.10814399999999999,43.37906137184115
1614503581118,0.10728500000000002,43.03449659045328
1614803581118,0.102403,41.07621339751304
1615103581118,0.10359199999999999,41.55314881668672
1615403581118,0.10138399999999999,40.667468912956274
1615703581118,0.10130399999999999,40.63537906137184
1616003581118,0.10444599999999997,41.89570798235057
1616303581118,0.101865,40.860409145607704
1616603581118,0.10329100000000001,41.43241075010028
1616903581118,0.119791,48.05094263939029
1617203581118,0.125921,50.50982751704773
1617503581118,0.12870480000000004,51.626474127557174
1617803581118,0.1346955,54.029482551143204
1618103581118,0.10540129999999999,42.278900922583226
1618403581118,0.1055316,42.331167268351386
1618703581118,0.10532260000000003,42.247332531087054
1619003581118,0.1053638,42.263858804653026
1619303581118,0.10650650000000002,42.72222222222223
1619603581118,0.1310328,52.56028880866427
1619903581118,0.1376437,55.212073806658644
1620203581118,0.1402688,56.26506217408745
1620503581118,0.1405107,56.362093862815875
1620803581118,0.118037,47.34737264340153
1621103581118,0.11096600000000001,44.51103088648215
1621403581118,0.10406000000000001,41.740874448455685
1621703581118,0.103652,41.57721620537505
1622003581118,0.113416,45.49378259125552
1622303581118,0.11546500000000001,46.315683914961895
1622603581118,0.105302,42.23906939430406
1622903581118,0.10952400000000001,43.93261131167269
1623203581118,0.1294476,51.92442839951865
1623503581118,0.10532240000000001,42.24725230645809
1623803581118,0.10526999999999999,42.226233453670275
1624103581118,0.1083493,43.461411953469714
1624403581118,0.1270473,50.96161251504212
1624703581118,0.1267963,50.860930605695955
1625003581118,0.12684120000000002,50.87894103489772
1625303581118,0.15085330000000002,60.510750100280795
1625603581118,0.1549962,62.17256317689531
1625903581118,0.15336630000000004,61.51877256317692
1626203581118,0.1548153,62.1
1626503581118,0.15704130000000002,62.992900120336955
1626803581118,0.1581693,63.4453670276775
1627103581118,0.15650380000000003,62.77729643000403
1627403581118,0.15755600000000003,63.19935820296833
1627703581118,0.16054400000000002,64.39791415964702
1628003581118,0.15847200000000003,63.56678700361012
1628303581118,0.163965,65.77015643802648
1628603581118,0.165344,66.32330525471319
1628903581118,0.16444400000000003,65.9622944243883
1629203581118,0.164927,66.15603690332932
1629503581118,0.15798700000000002,63.372242278379474
1629803581118,0.15894399999999997,63.75611712795828
1630103581118,0.16822999999999996,67.48094665062173
1630403581118,0.158894,63.736060970718015
1630703581118,0.159205,63.86081026875251
1631003581118,0.160652,64.44123545928599
1631303581118,0.159022,63.787404733253105
1631603581118,0.167402,67.14881668672282
1631903581118,0.160361,64.32450862414761
1632203581118,0.169047,67.8086642599278
1632503581118,0.16295799999999996,65.36622543120737
1632803581118,0.15923600000000004,63.87324508624149
1633103581118,0.15698799999999996,62.97152025671879
1633403581118,0.15016799999999997,60.235860409145594
1633703581118,0.140606,56.40032089851586
1634003581118,0.136903,54.91496189330124
1634303581118,0.137374,55.103890894504616
1634603581118,0.14533299999999996,58.296430004011214
1634903581118,0.15887400000000002,63.72803850782191
1635203581118,0.162746,65.28118732450862
1635503581118,0.151448,60.74929803449659
1635803581118,0.152019,60.9783393501805
1636103581118,0.155153,62.235459286000804
1636403581118,0.152275,61.0810268752507
1636703581118,0.14677199999999999,58.87364620938628
1637003581118,0.14161300000000002,56.804251905334944
1637303581118,0.147065,58.99117529081428
1637603581118,0.152116,61.017248295226636
1637903581118,0.14853999999999998,59.582831929402325
1638203581118,0.146703,58.8459687123947
1638503581118,0.147048,58.9843561973526
1638803581118,0.14745799999999998,59.14881668672282
1639103581118,0.146779,58.87645407139992
1639403581118,0.14514400000000002,58.22061772964301
1639703581118,0.14823,59.458483754512635
1640003581118,0.12780399999999997,51.2651423987164
1640303581118,0.11900299999999998,47.734857601283586
1640603581118,0.114565,45.95467308463698
1640903581118,0.11364,45.58363417569194
1641203581118,0.13563899999999998,54.40794223826714
1641503581118,0.13093,52.519053349378254
1641803581118,0.129349,51.88487765744083
1642103581118,0.12356699999999998,49.56558363417569
1642403581118,0.111133,44.57801845166466
1642703581118,0.121582,48.769354191736866
1643003581118,0.116204,46.61211391897312
1643303581118,0.107611,43.16526273565985
1643603581118,0.103837,41.65142398716406
1643903581118,0.09641289999999998,38.67344564781387
1644203581118,0.106793,42.83714400320899
1644503581118,0.126787,50.85720016044927
1644803581118,0.114867,46.07581227436823
1645103581118,0.16459999999999997,66.02486963497792
1645403581118,0.17850099999999997,71.60088247091856
1645703581118,0.178296,71.51865222623346
1646003581118,0.179087,71.83594063377457
1646303581118,0.174579,70.02767749699159
1646603581118,0.17515999999999998,70.26073004412355
1646903581118,0.171533,68.80585639791416
1647203581118,0.17112799999999997,68.64340152426794
1647503581118,0.10423299999999999,41.81026875250702
1647803581118,0.103358,41.45928600080225
1648103581118,0.102502,41.11592458884877
1648403581118,0.10324199999999997,41.4127557160048
1648703581118,0.10271599999999997,41.20176494183713
1649003581118,0.102841,41.251905334937824
1649303581118,0.102612,41.16004813477738
1649603581118,0.10075200000000001,40.41395908543923
1649903581118,0.09398699999999999,37.70036101083032
1650203581118,0.093624,37.55475330926594
1650503581118,0.094143,37.76293622141998
1650803581118,0.094171,37.77416766947453
1651103581118,0.101247,40.61251504211793
1651403581118,0.1072339,43.01399919775371
1651703581118,0.119888,48.089851584436424
1652003581118,0.10879299999999999,43.63939029281989
1652303581118,0.09416999999999999,37.77376654632972
1652603581118,0.09382399999999999,37.63497793822703
1652903581118,0.092403,37.064981949458485
1653203581118,0.09192399999999999,36.87284396309667
1653503581118,0.08707799999999999,34.92900120336943
1653803581118,0.087208,34.981147212194145
1654103581118,0.086878,34.84877657440834
1654403581118,0.086958,34.88086642599278
1654703581118,0.08711799999999999,34.94504612916165
1655003581118,0.086898,34.856799037304455
1655303581118,0.086838,34.832731648616125
1655603581118,0.09130699999999999,36.6253509827517
1655903581118,0.093397,37.4636983553951
1656203581118,0.11052699999999997,44.33493782591255
1656503581118,0.08723799999999998,34.9931809065383
1656803581118,0.087376,35.04853590052146
1657103581118,0.101741,40.810669875651826
1657403581118,0.10418599999999999,41.79141596470116
1657703581118,0.103716,41.6028880866426
1658003581118,0.101306,40.63618130766145
1658303581118,0.094275,37.81588447653429
1658603581118,0.09134799999999998,36.641797031688725
1658903581118,0.091275,36.61251504211793
1659203581118,0.091573,36.732049739269954
1659503581118,0.08706099999999999,34.92218210990774
1659803581118,0.087016,34.90413156839149
1660103581118,0.08693599999999999,34.872041716807054
1660403581118,0.086226,34.58724428399519
1660703581118,0.086106,34.53910950661853
1661003581118,0.10061999999999999,40.36101083032491
1661303581118,0.10116,40.57761732851986
1661603581118,0.10329999999999999,41.43602085840353
1661903581118,0.10474,42.01363818692339
1662203581118,0.10466999999999999,41.985559566787
1662503581118,0.10406399999999999,41.742478941034896
1662803581118,0.10458999999999999,41.953469715202566
1663103581118,0.10682,42.84797432811873
1663403581118,0.10753199999999999,43.13357400722022
1663703581118,0.08652599999999999,34.707581227436826
1664003581118,0.08656999999999998,34.72523064580826
1664303581118,0.08657099999999998,34.725631768953065
1664603581118,0.103435,41.49017248295227
1664903581118,0.109868,44.07059767348576
1665203581118,0.1133981,45.4866024869635
1665503581118,0.112963,45.312073806658645
1665803581118,0.11155399999999999,44.746891295627755
1666103581118,0.114704,46.01042920176494
1666403581118,0.085795,34.414360208584036
1666703581118,0.08604300000000001,34.51383874849579
1667003581118,0.08651339,34.702523064580824
1667303581118,0.13372499999999998,53.6401925391095
1667603581118,0.138009,55.35860409145607
1667903581118,0.13879199999999997,55.67268351383874
1668203581118,0.140238,56.25270758122743
1668503581118,0.137572,55.1833132771761
1668803581118,0.13627999999999998,54.66506217408744
1669103581118,0.135598,54.39149618933013
1669403581118,0.135628,54.40352988367428
1669703581118,0.13682,54.88166867228239
1670003581118,0.137516,55.160850381066986
1670303581118,0.137143,55.01123144805455
1670603581118,0.138689,55.631367829923796
1670903581118,0.13902,55.7641395908544
1671203581118,0.13913699999999998,55.81107099879663
1671503581118,0.13962799999999997,56.0080224628961
1671803581118,0.138989,55.75170477336543
1672103581118,0.14054499999999998,56.3758523866827
1672403581118,0.14310699999999998,57.40352988367429
1672703581118,0.142328,57.091054953870845
1673003581118,0.141659,56.822703569995994
1673303581118,0.14156999999999997,56.787003610108286
1673603581118,0.148213,59.45166466105095
1673903581118,0.140784,56.47172081829122
1674203581118,0.143391,57.517448856799035
1674503581118,0.14301499999999998,57.36662655435217
1674803581118,0.14463299999999998,58.01564380264741
1675103581118,0.145145,58.22101885278781
1675403581118,0.150129,60.2202166064982
1675703581118,0.145196,58.24147613317289
1676003581118,0.14546599999999998,58.34977938227035
1676303581118,0.146576,58.79502607300442
1676603581118,0.14698499999999998,58.95908543922983
1676903581118,0.14541500000000002,58.32932210188528
1677203581118,0.15079099999999998,60.4857601283594
1677503581118,0.14653499999999997,58.77858002406738
1677803581118,0.147245,59.063377456879266
1678103581118,0.14665499999999998,58.826714801444034
1678403581118,0.14815799999999998,59.42960288808664
1678703581118,0.148258,59.46971520256719
1679003581118,0.148916,59.73365423184917
1679303581118,0.15375799999999998,61.675892498997186
1679603581118,0.14894100000000002,59.743682310469325
1679903581118,0.14918599999999999,59.84195748094665
1680203581118,0.150054,60.190132370637784
1680503581118,0.15008300000000002,60.201764941837155
1680803581118,0.15054700000000001,60.387886081026885
1681103581118,0.150706,60.451664661050955
1681403581118,0.150536,60.38347372643402
1681703581118,0.150888,60.52466907340553
1682003581118,0.15105,60.58965102286402
1682303581118,0.15718800000000002,63.051744885679916
1682603581118,0.159031,63.79101484155636
1682903581118,0.15768600000000002,63.25150421179303
1683203581118,0.158561,63.602486963497796
1683503581118,0.15869500000000003,63.65623746490174
1683803581118,0.160074,64.20938628158844
1684103581118,0.159644,64.0369033293221
1684403581118,0.160143,64.23706377858002
1684703581118,0.159734,64.07300441235458
1685003581118,0.15997699999999998,64.1704773365423
1685303581118,0.159987,64.17448856799038
1685603581118,0.16012299999999996,64.2290413156839
1685903581118,0.15950399999999998,63.98074608904933
1686203581118,0.16073800000000002,64.47573204973928
1686503581118,0.16036199999999998,64.32490974729241
1686803581118,0.14946700000000002,59.95467308463699
1687103581118,0.15039299999999997,60.32611311672682
1687403581118,0.15087599999999998,60.51985559566786
1687703581118,0.14914599999999997,59.825912555154424
1688003581118,0.14956899999999998,59.995587645407134
1688303581118,0.148755,59.6690734055355
1688603581118,0.14855500000000002,59.58884877657442
1688903581118,0.14964800000000003,60.02727637384678
1689203581118,0.14983,60.10028078620137
1689503581118,0.149097,59.80625752105897
1689803581118,0.147779,59.27757721620538
1690103581118,0.147412,59.13036502206177
1690403581118,0.14770099999999997,59.24628961091054
1690703581118,0.148127,59.41716807059768
1691003581118,0.148091,59.40272763738468
1691303581118,0.148973,59.75651825110309
1691603581118,0.149094,59.805054151624546
1691903581118,0.14799099999999998,59.36261532290412
1692203581118,0.147951,59.34657039711192
1692503581118,0.148261,59.47091857200161
1692803581118,0.148111,59.41075010028079
1693103581118,0.147829,59.29763337344565
1693403581118,0.14732399999999998,59.09506618531889
1693703581118,0.15715800000000002,63.03971119133575
1694003581118,0.157232,63.06939430405135
1694303581118,0.154561,61.99799438427598
1694603581118,0.15569100000000002,62.451263537906144
1694903581118,0.15438299999999996,61.92659446450058
1695203581118,0.154621,62.02206177296431
1695503581118,0.154423,61.94263939029282
1695803581118,0.15440500000000001,61.93541917368633
1696103581118,0.154775,62.08383473726434
1696403581118,0.15442699999999998,61.944243882872044
1696703581118,0.154105,61.81508223024469
1697003581118,0.154717,62.06056959486562
1697303581118,0.148417,59.53349378259125
1697603581118,0.149044,59.784997994384284
1697903581118,0.149594,60.00561572402729
1698203581118,0.14983999999999997,60.104292017649406
1698503581118,0.14918199999999998,59.84035298836742
1698803581118,0.14962999999999999,60.02005615724026
1699103581118,0.14931,59.891696750902526
1699403581118,0.14910500000000002,59.80946650621741
1699703581118,0.14948,59.959887685519455
1700003581118,0.14911,59.811472121941435
1700303581118,0.14877,59.675090252707584
1700603581118,0.14923000000000003,59.85960689931811
1700903581118,0.14845999999999998,59.55074207781789
1701203581118,0.14934,59.903730445246694
1701503581118,0.14928499999999997,59.88166867228239
1701803581118,0.148765,59.67308463698355
1702103581118,0.14845999999999998,59.55074207781789
1702403581118,0.149145,59.82551143200963
1702703581118,0.149615,60.01403931006819
1703003581118,0.149605,60.01002807862014
1703303581118,0.150095,60.20657841957482
1703603581118,0.14988500000000002,60.12234255916567
1703903581118,0.14959,60.004011231448054
1704203581118,0.147805,59.288006417970315
1704503581118,0.149966,60.1548335338949
1704803581118,0.1502,60.24869634977939
1705103581118,0.15042,60.33694344163658
1705403581118,0.149565,59.99398315282792
1705703581118,0.149535,59.981949458483754
1706003581118,0.15031,60.292819895707986
1706303581118,0.15017999999999998,60.240673886883265
1706603581118,0.15009999999999998,60.20858403529883
1706903581118,0.15040999999999996,60.33293221018852
1707203581118,0.15051,60.37304452466907
1707503581118,0.15018,60.24067388688328
1707803581118,0.15039000000000002,60.32490974729243
1708103581118,0.150148,60.227837946249494
1708403581118,0.15873900000000002,63.67388688327318
1708703581118,0.159147,63.8375451263538
1709003581118,0.15657700000000002,62.806658644203786
1709303581118,0.156552,62.796630565583634
1709603581118,0.15710900000000003,63.02005615724029
1709903581118,0.15903899999999999,63.7942238267148
1710203581118,0.159396,63.93742478941036
1710503581118,0.16008599999999995,64.21419975932609
1710803581118,0.159447,63.95788206979544
1711103581118,0.155594,62.41235459286001
1711403581118,0.156444,62.753309265944644
1711703581118,0.15002,60.176494183714404
1712003581118,0.14974,60.064179703168875
1712303581118,0.15072999999999998,60.46129161652627
1712603581118,0.15056,60.39310068190935
1712903581118,0.14995999999999998,60.152426795026074
1713203581118,0.15066000000000002,60.4332129963899
1713503581118,0.15027,60.276774969915756
1713803581118,0.14961999999999998,60.01604492579221
1714103581118,0.151557,60.79302045728039
1714403581118,0.14995999999999998,60.152426795026074
1714703581118,0.149633,60.02125952667468
1715003581118,0.149341,59.90413156839149
1715303581118,0.151282,60.68271159245888
1715603581118,0.15162,60.81829121540313
1715903581118,0.15213200000000002,61.02366626554353
1716203581118,0.151844,60.90814279983956
1716503581118,0.151541,60.7866024869635
1716803581118,0.15175,60.870437224227835
1717103581118,0.158855,63.7204171680706
1717403581118,0.15232100000000004,61.099478539911765
1717703581118,0.15101900000000001,60.57721620537506
1718003581118,0.15091900000000003,60.537103890894514
1718303581118,0.15031899999999998,60.29643000401123
1718603581118,0.150719,60.456879261933416
1718903581118,0.150576,60.39951865222623
1719203581118,0.159708,64.06257521058964
1719503581118,0.15999799999999997,64.17890092258322
1719803581118,0.15861100000000003,63.62254312073809
1720103581118,0.156437,62.750501403931004
1720403581118,0.157425,63.1468110709988
1720703581118,0.15710000000000002,63.016446048937034
1721003581118,0.157259,63.080224628961105
1721303581118,0.15777200000000002,63.2860008022463
1721603581118,0.15803599999999998,63.391897312474924
1721903581118,0.15692899999999999,62.947853991175286
1722203581118,0.150492,60.36582430806258
1722503581118,0.15931,63.902928198957085
1722803581118,0.160252,64.28078620136382
1723103581118,0.158611,63.62254312073807
1723403581118,0.157996,63.37585238668271
1723703581118,0.15710200000000002,63.01724829522664
1724003581118,0.160291,64.29643000401123
1724303581118,0.158766,63.6847172081829
1724603581118,0.15788,63.329322101885275
1724903581118,0.157648,63.23626153229041
1725203581118,0.157432,63.149618933012434
1725503581118,0.15671700000000002,62.86281588447654
1725803581118,0.156251,62.6758924989972
1726103581118,0.15703999999999999,62.99237866024869
1726403581118,0.1579,63.3373445647814
1726703581118,0.15823399999999999,63.47131969514641
1727003581118,0.15836599999999998,63.52426795026073
1727303581118,0.158849,63.71801042920177
1727603581118,0.15937899999999997,63.93060569594864
1727903581118,0.15920099999999998,63.859205776173276
1728203581118,0.15925299999999998,63.88006417970317
1728503581118,0.15943400000000002,63.95266746891297
1728803581118,0.15931900000000002,63.90653830726034
1729103581118,0.152958,61.35499398315284
1729403581118,0.15291600000000002,61.33814681107101
1729703581118,0.15284899999999998,61.31127156036903
1730003581118,0.16281299999999999,65.30806257521058
1730303581118,0.16103999999999996,64.5968712394705
1730603581118,0.16008699999999998,64.2146008824709
1730903581118,0.15864999999999999,63.638186923385476
1731203581118,0.15962799999999996,64.03048535900521
1731503581118,0.15956099999999998,64.00361010830325
1731803581118,0.160252,64.28078620136382
1732103581118,0.16072799999999998,64.47172081829122
1732403581118,0.160398,64.33935018050542
1732703581118,0.159623,64.02847974328118
1733003581118,0.15985499999999997,64.12154031287605
1733303581118,0.15989099999999998,64.13598074608903
1733603581118,0.160241,64.27637384677097
1733903581118,0.16042900000000002,64.35178499799439
1734203581118,0.16057100000000002,64.40874448455676
1734503581118,0.16014399999999998,64.23746490172483
1734803581118,0.16009600000000002,64.21821099077417
1735103581118,0.160289,64.29562775772162
1735403581118,0.15984099999999998,64.11592458884877
1735703581118,0.16060999999999998,64.42438828720415
1736003581118,0.15987799999999996,64.13076614520656
1736303581118,0.159735,64.07340553549939
1736603581118,0.15963399999999997,64.03289209787404
1736903581118,0.15766499999999997,63.2430806257521
1737203581118,0.159997,64.17849979943843
1737503581118,0.15920299999999998,63.860008022462885
1737803581118,0.15979699999999997,64.09827517047732
1738103581118,0.159519,63.98676293622142
1738403581118,0.15949299999999997,63.97633373445647
1738703581118,0.15910499999999997,63.82069795427196
1739003581118,0.159074,63.808263136783
1739303581118,0.15948099999999998,63.971520256718804
1739603581118,0.15999099999999997,64.17609306056958
1739903581118,0.15984399999999999,64.11712795828319
1740203581118,0.15962899999999997,64.03088648215001
1740503581118,0.159402,63.93983152827918
1740803581118,0.159497,63.9779382270357
1741103581118,0.16017599999999999,64.2503008423586
1741403581118,0.15957699999999997,64.01002807862012
1741703581118,0.15971899999999997,64.0669875651825
1742003581118,0.160171,64.24829522663458
1742303581118,0.15997199999999998,64.16847172081829
1742603581118,0.16014299999999998,64.23706377858002
1742903581118,0.16080399999999997,64.50220617729642
1743203581118,0.16052,64.38828720417168
1743503581118,0.16000799999999998,64.18291215403129
1743803581118,0.15381299999999998,61.697954271961486
1744103581118,0.15326499999999998,61.47813878860809
1744403581118,0.16235699999999997,65.12515042117928
1744703581118,0.16198099999999999,64.97432811873244
1745003581118,0.160289,64.29562775772162
1745303581118,0.159787,64.09426393902929
1745603581118,0.15975899999999998,64.08303249097472
1745903581118,0.15900799999999995,63.78178900922582
1746203581118,0.15982499999999997,64.10950661853188
1746503581118,0.15997099999999997,64.16807059767348
1746803581118,0.16000999999999996,64.18371440032088
1747103581118,0.15899999999999997,63.77858002406738
1747403581118,0.15164499999999997,60.82831929402326
1747703581118,0.15083199999999997,60.502206177296415
1748003581118,0.15270999999999996,61.25551544324106
1748303581118,0.15298999999999996,61.36782992378659
1748603581118,0.15289999999999998,61.33172884075411
1748903581118,0.15255899999999997,61.19494584837544
1749203581118,0.153218,61.45928600080225
1749503581118,0.15283999999999998,61.30766145206577
1749803581118,0.1537,61.65262735659848
1750103581118,0.15360000000000001,61.612515042117934
1750403581118,0.15246300000000002,61.156438026474135
1750703581118,0.15221,61.05495387083836
1751003581118,0.15248799999999998,61.166466105094266
1751303581118,0.16239399999999998,65.13999197753711
1751603581118,0.16032800000000003,64.31127156036905
1751903581118,0.15916299999999997,63.84396309667066
1752203581118,0.157756,63.2795828319294
1752503581118,0.157478,63.168070597673484
1752803581118,0.15793700000000002,63.3521861211392
1753103581118,0.158023,63.38668271159246
1753403581118,0.15896699999999997,63.7653429602888
1753703581118,0.160019,64.18732450862414
1754003581118,0.159117,63.82551143200963
1754303581118,0.15921,63.86281588447653
1754603581118,0.15923700000000002,63.873646209386294
1754903581118,0.15880199999999997,63.6991576413959
1755203581118,0.15865900000000002,63.64179703168874
1755503581118,0.15924899999999997,63.878459687123936
1755803581118,0.15887099999999998,63.726835138387486
1756103581118,0.158912,63.743281187324506
1756403581118,0.15969,64.05535499398314
1756703581118,0.159017,63.78539911752908
1757003581118,0.15902500000000003,63.78860810268754
1757303581118,0.158665,63.64420377055756
1757603581118,0.158672,63.64701163257121
1757903581118,0.15017599999999998,60.239069394304046
1758203581118,0.15237699999999998,61.121941436020855
1758503581118,0.152308,61.09426393902928
1758803581118,0.161053,64.60208584035298
1759103581118,0.16095199999999998,64.56157240272763
1759403581118,0.160055,64.20176494183714
1759703581118,0.15942900000000002,63.95066185318894
1760003581118,0.16047500000000003,64.37023666265546
1760303581118,0.159912,64.14440433212997
1760603581118,0.16017800000000001,64.25110308864822
1760903581118,0.161275,64.6911351784998
1761203581118,0.160538,64.39550742077817
1761503581118,0.159846,64.1179302045728
1761803581118,0.16054500000000002,64.39831528279183
1762103581118,0.161098,64.62013638186923
1762403581118,0.16118500000000002,64.65503409546733
1762703581118,0.16154,64.79743281187325
1763003581118,0.16043600000000002,64.35459286000803
1763303581118,0.160359,64.323706377858
1763603581118,0.161281,64.69354191736863
1763903581118,0.16103499999999998,64.59486562374649
1764203581118,0.16085300000000002,64.52186121139191
1764503581118,0.16092800000000002,64.55194544725231
1764803581118,0.160798,64.4997994384276
1765103581118,0.16014799999999998,64.23906939430405
1765403581118,0.16072299999999998,64.46971520256717
1765703581118,0.16062300000000002,64.42960288808665
1766003581118,0.160028,64.1909346169274
1766303581118,0.160902,64.54151624548736
1766603581118,0.16035000000000002,64.32009626955477
1766903581118,0.15973899999999996,64.07501002807861
1767203581118,0.16040200000000002,64.34095467308465
1767503581118,0.16028799999999996,64.29522663457679
1767803581118,0.16047600000000004,64.37063778580026
1768103581118,0.16012400000000002,64.22944243882873
1768403581118,0.15903699999999998,63.79342158042518
1768703581118,0.15850699999999998,63.580826313678294
1769003581118,0.15997299999999998,64.16887284396309
1769303581118,0.15996800000000003,64.16686722823908
1769603581118,0.160103,64.22101885278781
1769903581118,0.160644,64.43802647412757
1770203581118,0.160063,64.20497392699559
1770503581118,0.160164,64.24548736462094
1770803581118,0.16041900000000003,64.34777376654634
1771103581118,0.160026,64.19013237063778
1771403581118,0.160365,64.32611311672683
1771703581118,0.160392,64.33694344163658
1772003581118,0.16040000000000001,64.34015242679504
1772303581118,0.153507,61.57521058965103
1772603581118,0.15367100000000003,61.64099478539913
1772903581118,0.153564,61.59807460890494
1773203581118,0.15380000000000002,61.69273967107903
1773503581118,0.154399,61.93301243481749
1773803581118,0.153994,61.77055756117128
1774103581118,0.15472699999999998,62.06458082631367
1774403581118,0.154681,62.04612916165263
1774703581118,0.15344900000000003,61.55194544725232
1775003581118,0.153787,61.68752507019656
1775303581118,0.154593,62.01083032490975
1775603581118,0.154111,61.81748896911352
1775903581118,0.153421,61.54071399919776
1776203581118,0.15469099999999997,62.05014039310067
1776503581118,0.16367800000000005,65.65503409546733
1776803581118,0.16181600000000002,64.90814279983957
1777103581118,0.16154000000000002,64.79743281187325
1777403581118,0.161637,64.83634175691938
1777703581118,0.16085799999999997,64.52386682711591
1778003581118,0.163082,65.41596470116326
1778303581118,0.161758,64.88487765744084
1778603581118,0.16218600000000002,65.05655836341758
1778903581118,0.161259,64.68471720818292
1779203581118,0.15943900000000003,63.954673084636994
1779503581118,0.161302,64.70196550340955
1779803581118,0.16146100000000002,64.76574408343363
1780103581118,0.161026,64.59125551544325
1780403581118,0.16139900000000001,64.74087444845568
1780703581118,0.161358,64.72442839951866
1781003581118,0.16126700000000002,64.68792619334135
1781303581118,0.161133,64.63417569193743
1781603581118,0.16130299999999997,64.70236662655434
1781903581118,0.16149500000000006,64.77938227035702
1782203581118,0.16168,64.853590052146
1782503581118,0.16175,64.88166867228239
1782803581118,0.16118600000000002,64.65543521861213
1783103581118,0.154816,62.10028078620137
1783403581118,0.154318,61.90052146008826
1783703581118,0.15510000000000002,62.214199759326114
1784003581118,0.156228,62.66666666666667
1784303581118,0.157255,63.07862013638187
1784603581118,0.156523,62.78499799438427
1784903581118,0.155923,62.544324107501005
1785203581118,0.157093,63.013638186923394
1785503581118,0.15606900000000004,62.602888086642615
1785803581118,0.155777,62.4857601283594
1786103581118,0.156379,62.72723626153229
1786403581118,0.15641300000000002,62.740874448455685
1786703581118,0.155865,62.52105896510229
1787003581118,0.156027,62.58604091456077
1787303581118,0.156089,62.610910549538715
1787603581118,0.156656,62.8383473726434
1787903581118,0.15687700000000002,62.926995587645415
1788203581118,0.15643900000000002,62.75130365022063
1788503581118,0.156047,62.59406337745688
1788803581118,0.156797,62.89490573606097
1789103581118,0.15682900000000002,62.90774167669476
1789403581118,0.15671500000000002,62.86201363818693
1789703581118,0.15735900000000003,63.12033694344164
1790003581118,0.154813,62.09907741676696
1790303581118,0.155122,62.22302446851183
1790603581118,0.156293,62.692739671079025
1790903581118,0.15598499999999998,62.56919374247894
1791203581118,0.156663,62.841155234657045
1791503581118,0.156865,62.922182109907745
1791803581118,0.155515,62.38066586442037
1792103581118,0.15412499999999998,61.823104693140785
1792403581118,0.155345,62.31247492980345
1792703581118,0.157336,63.111111111111114
1793003581118,0.155957,62.5579622944244
1793303581118,0.15583700000000003,62.509827517047746
1793603581118,0.15590500000000002,62.53710389089451
1793903581118,0.15549500000000002,62.37264340152427
1794203581118,0.156311,62.699959887685516
1794503581118,0.15626400000000001,62.681107099879675
1794803581118,0.156604,62.81748896911352
1795103581118,0.15754200000000002,63.19374247894104
1795403581118,0.157732,63.26995587645408
1795703581118,0.15661199999999997,62.82069795427196
1796003581118,0.15721700000000002,63.06337745687928
1796303581118,0.156874,62.925792218210994
1796603581118,0.157427,63.14761331728841
1796903581118,0.158768,63.68551945447252
1797203581118,0.158396,63.5363016446049
1797503581118,0.157058,62.9995988768552
1797803581118,0.15739599999999998,63.13517849979943
1798103581118,0.157298,63.0958684316085
1798403581118,0.158411,63.542318491776975
1798703581118,0.157783,63.29041315683915
1799003581118,0.15722099999999997,63.06498194945848
1799303581118,0.156931,62.948656237464895
1799603581118,0.157647,63.235860409145616
1799903581118,0.157346,63.11512234255917
1800203581118,0.157427,63.14761331728841
1800503581118,0.15974,64.07541115122342
1800803581118,0.155988,62.57039711191336
1801103581118,0.157233,63.069795427196155
1801403581118,0.157087,63.01123144805456
1801703581118,0.15799700000000003,63.37625350982753
1802003581118,0.158227,63.46851183313278
1802303581118,0.15859900000000002,63.61772964300041
1802603581118,0.15837700000000002,63.5286803048536
1802903581118,0.158002,63.37825912555155
1803203581118,0.158292,63.49458483754512
1803503581118,0.157801,63.29763337344565
1803803581118,0.15793700000000002,63.3521861211392
1804103581118,0.15839700000000004,63.536702767749716
1804403581118,0.158302,63.49859606899319
1804703581118,0.15738300000000002,63.12996389891698
1805003581118,0.157983,63.37063778580024
1805303581118,0.157818,63.30445246690735
1805603581118,0.157923,63.346570397111925
1805903581118,0.158288,63.49298034496591
1806203581118,0.158813,63.70356999598877
1806503581118,0.157783,63.29041315683915
1806803581118,0.157913,63.34255916566386
1807103581118,0.158025,63.387484957882066
1807403581118,0.15832100000000002,63.50621740874449
1807703581118,0.17110300000000003,68.63337344564783
1808003581118,0.175541,70.41355796229442
1808303581118,0.174733,70.08945046129162
1808603581118,0.171661,68.85720016044927
1808903581118,0.16223400000000002,65.07581227436823
1809203581118,0.16214199999999998,65.03890894504613
1809503581118,0.163283,65.49659045326915
1809803581118,0.163161,65.4476534296029
1810103581118,0.162278,65.09346169273968
1810403581118,0.15808,63.409546730846365
1810703581118,0.15844,63.55395106297633
1811003581118,0.157615,63.22302446851184
1811303581118,0.15875100000000003,63.67870036101084
1811603581118,0.16261200000000003,65.22743682310471
1811903581118,0.157936,63.351784997994386
1812203581118,0.15867100000000003,63.6466105094264
1812503581118,0.15858600000000003,63.61251504211795
1812803581118,0.158648,63.63738467709587
1813103581118,0.15906,63.80264741275572
1813403581118,0.158936,63.75290814279984
1813703581118,0.15814399999999998,63.43521861211391
1814003581118,0.15870300000000004,63.65944645006019
1814303581118,0.15846800000000003,63.56518251103089
1814603581118,0.15848300000000004,63.57119935820299
1814903581118,0.15847000000000003,63.565984757320514
1815203581118,0.15846500000000002,63.563979141596484
1815503581118,0.157147,63.03529883674288
1815803581118,0.158093,63.41476133172884
1816103581118,0.15823900000000002,63.47332531087044
1816403581118,0.15814699999999998,63.43642198154833
1816703581118,0.15861900000000004,63.625752105896524
1817003581118,0.158757,63.68110709987966
1817303581118,0.15846899999999997,63.56558363417568
1817603581118,0.15821700000000002,63.464500601684726
1817903581118,0.15823900000000002,63.47332531087044
1818203581118,0.158619,63.62575210589652
1818503581118,0.15854600000000005,63.59647011632573
1818803581118,0.159027,63.789410348977135
1819103581118,0.158189,63.45326915363017
1819403581118,0.15867699999999998,63.64901724829522
1819703581118,0.158311,63.502206177296436
1820003581118,0.157913,63.34255916566386
1820303581118,0.15879000000000004,63.69434416365826
1820603581118,0.15830000000000002,63.497793822703585
1820903581118,0.15842799999999999,63.54913758523867
1821203581118,0.158295,63.49578820697954
1821503581118,0.158175,63.44765342960289
1821803581118,0.158676,63.648616125150426
1822103581118,0.159284,63.89249899719215
1822403581118,0.158999,63.77817890092259
1822703581118,0.15862099999999998,63.62655435218612
1823003581118,0.15873,63.67027677496993
1823303581118,0.166823,66.91656638588047
1823603581118,0.164577,66.01564380264742
1823903581118,0.163976,65.77456879261933
1824203581118,0.164085,65.81829121540314
1824503581118,0.163202,65.46409947853992
1824803581118,0.166627,66.83794624949859
1825103581118,0.163941,65.76052948255115
1825403581118,0.16392800000000002,65.75531488166868
1825703581118,0.164643,66.04211793020458
1826003581118,0.164437,65.95948656237465
1826303581118,0.163916,65.75050140393101
1826603581118,0.16432200000000002,65.91335740072203
1826903581118,0.16428600000000004,65.89891696750905
1827203581118,0.164476,65.97513036502207
1827503581118,0.165125,66.2354592860008
1827803581118,0.16482,66.11311672683514
1828103581118,0.16402599999999998,65.79462494985961
1828403581118,0.15865200000000004,63.638989169675106
1828703581118,0.15869500000000003,63.65623746490174
1829003581118,0.160111,64.22422783794626
1829303581118,0.159308,63.902125952667475
1829603581118,0.159321,63.90734055354994
1829903581118,0.15835100000000002,63.51825110308865
1830203581118,0.157334,63.110308864821505
1830503581118,0.15816800000000003,63.44484556758926
1830803581118,0.15875699999999998,63.681107099879654
1831103581118,0.15897600000000003,63.76895306859207
1831403581118,0.15912700000000002,63.829522663457695
1831703581118,0.158136,63.43200962695548
1832003581118,0.15832500000000002,63.507821901323716
1832303581118,0.15860600000000002,63.62053750501405
1832603581118,0.15839499999999998,63.535900521460086
1832903581118,0.158168,63.44484556758925
1833203581118,0.15849199999999997,63.57480946650621
1833503581118,0.15754300000000002,63.19414360208585
1833803581118,0.15822700000000003,63.46851183313279
1834103581118,0.158137,63.43241075010029
1834403581118,0.15874700000000003,63.67709586843162
1834703581118,0.159064,63.804251905334944
1835003581118,0.158841,63.714801444043324
1835303581118,0.158319,63.50541516245487
1835603581118,0.158423,63.547131969514645
1835903581118,0.15837400000000004,63.527476935419195
1836203581118,0.167965,67.3746490172483
1836503581118,0.16681400000000002,66.91295627757722
1836803581118,0.16649400000000003,66.78459687123949
1837103581118,0.16021600000000005,64.26634576815084
1837403581118,0.15810500000000002,63.41957480946652
1837703581118,0.158035,63.391496189330134
1838003581118,0.157867,63.324107501002814
1838303581118,0.15850699999999998,63.580826313678294
1838603581118,0.158194,63.4552747693542
1838903581118,0.157579,63.208584035298834
1839203581118,0.15875999999999998,63.682310469314075
1839503581118,0.158206,63.46008824709186
1839803581118,0.15819600000000003,63.45607701564382
1840103581118,0.15877300000000003,63.68752507019656
1840403581118,0.15883,63.71038908945046
1840703581118,0.158033,63.390693943040525
1841003581118,0.158194,63.4552747693542
1841303581118,0.158229,63.46931407942239
1841603581118,0.158324,63.507420778178904
1841903581118,0.15946900000000003,63.96670677898116
1842203581118,0.16241900000000004,65.15002005615726
1842503581118,0.16059400000000001,64.41797031688729
1842803581118,0.161164,64.6466105094264
1843103581118,0.161369,64.72884075411152
1843403581118,0.161381,64.73365423184919
1843703581118,0.16218600000000002,65.05655836341758
1844003581118,0.16212100000000002,65.03048535900521
1844303581118,0.16134500000000002,64.71921379863619
1844603581118,0.16200800000000004,64.98515844364222
1844903581118,0.16155300000000003,64.80264741275573
1845203581118,0.16194100000000003,64.95828319294024
1845503581118,0.16249100000000002,65.17890092258325
1845803581118,0.16213800000000003,65.03730445246693
1846103581118,0.16117399999999998,64.65062174087444
1846403581118,0.16179900000000003,64.90132370637787
1846703581118,0.16199400000000003,64.97954271961494
1847003581118,0.16193600000000002,64.95627757721621
1847303581118,0.162691,65.25912555154433
1847603581118,0.16308200000000003,65.41596470116328
1847903581118,0.162025,64.99197753710389
1848203581118,0.16218800000000003,65.05736060970719
1848503581118,0.16212700000000002,65.03289209787407
1848803581118,0.16201100000000002,64.98636181307663
1849103581118,0.16206800000000005,65.00922583233054
1849403581118,0.16340700000000002,65.54632972322504
1849703581118,0.16292299999999998,65.35218612113918
1850003581118,0.16299399999999997,65.38066586442038
1850303581118,0.162908,65.3461692739671
1850603581118,0.16024200000000002,64.27677496991578
1850903581118,0.159996,64.17809867629363
1851203581118,0.16098200000000001,64.57360609707182
1851503581118,0.159753,64.0806257521059
1851803581118,0.16062800000000002,64.43160850381068
1852103581118,0.16064400000000004,64.43802647412757
1852403581118,0.160081,64.21219414360209
1852703581118,0.160749,64.48014440433212
1853003581118,0.16083099999999997,64.51303650220616
1853303581118,0.16016199999999997,64.24468511833132
1853603581118,0.16311400000000004,65.42880064179705
1853903581118,0.1603,64.30004011231448
1854203581118,0.16010100000000002,64.2202166064982
1854503581118,0.160488,64.37545126353791
1854803581118,0.161096,64.61933413557962
1855103581118,0.159998,64.17890092258324
1855403581118,0.16007200000000002,64.20858403529884
1855703581118,0.15992400000000004,64.14921780986764
1856003581118,0.159625,64.02928198957079
1856303581118,0.16028,64.29201764941837
1856603581118,0.161279,64.69273967107902
1856903581118,0.16058899999999998,64.41596470116325
1857203581118,0.161089,64.616526273566
1857503581118,0.16045099999999998,64.36060970718009
1857803581118,0.15990800000000002,64.14279983955076
1858103581118,0.16108400000000003,64.61452065784196
1858403581118,0.16181200000000004,64.90653830726035
1858703581118,0.15859800000000002,63.61732851985561
1859003581118,0.162206,65.06458082631367
1859303581118,0.161614,64.82711592458885
1859603581118,0.160342,64.31688728439632
1859903581118,0.161334,64.71480144404332
1860203581118,0.16243800000000005,65.15764139590857
1860503581118,0.16122799999999998,64.67228239069394
1860803581118,0.161322,64.70998796630566
1861103581118,0.16102500000000003,64.59085439229845
1861403581118,0.162003,64.98315282791818
1861703581118,0.160913,64.54592860008023
1862003581118,0.16219200000000003,65.05896510228641
1862303581118,0.16068000000000002,64.45246690734056
1862603581118,0.161358,64.72442839951866
1862903581118,0.16140200000000002,64.74207781789009
1863203581118,0.16130800000000003,64.7043722422784
1863503581118,0.16189,64.93782591255516
1863803581118,0.16262800000000002,65.23385479342159
1864103581118,0.161685,64.85559566787003
1864403581118,0.162538,65.19775371038908
1864703581118,0.16199000000000002,64.97793822703571
1865003581118,0.163321,65.51183313277176
1865303581118,0.163385,65.53750501403931
1865603581118,0.163895,65.7420778178901
1865903581118,0.1631581,65.44649017248295
1866203581118,0.16242000000000004,65.15042117930207
1866503581118,0.16300500000000004,65.38507821901327
1866803581118,0.162143,65.03931006819094
1867103581118,0.16255500000000003,65.20457280385081
1867403581118,0.16343000000000002,65.55555555555557
1867703581118,0.16269,65.25872442839952
1868003581118,0.16261,65.22663457681509
1868303581118,0.16292700000000002,65.35379061371842
1868603581118,0.16582300000000003,66.51544324107502
1868903581118,0.16198100000000004,64.97432811873247
1869203581118,0.164499,65.98435619735258
1869503581118,0.162,64.98194945848375
1869803581118,0.161939,64.95748094665062
1870103581118,0.16179600000000002,64.90012033694346
1870403581118,0.16201100000000002,64.98636181307663
1870703581118,0.16282100000000002,65.31127156036905
1871003581118,0.163891,65.74047332531087
1871303581118,0.162221,65.07059767348576
1871603581118,0.163081,65.41556357801845
1871903581118,0.16376300000000002,65.68912956277579
1872203581118,0.166886,66.94183714400322
1872503581118,0.16654300000000002,66.80425190533495
1872803581118,0.16390200000000002,65.74488567990375
1873103581118,0.162928,65.35419173686321
1873403581118,0.16275600000000004,65.2851985559567
1873703581118,0.16307600000000003,65.41355796229443
1874003581118,0.162826,65.31327717609307
1874303581118,0.16354600000000002,65.602085840353
1874603581118,0.16436600000000004,65.93100681909347
1874903581118,0.163916,65.75050140393101
1875203581118,0.16376100000000002,65.68832731648617
1875503581118,0.163888,65.73926995587645
1875803581118,0.162296,65.10068190934616
1876103581118,0.16328,65.49538708383474
1876403581118,0.16414600000000004,65.84275972723628
1876703581118,0.16318,65.45527476935419
1877003581118,0.163946,65.76253509827518
1877303581118,0.163058,65.40633774568792
1877603581118,0.16390600000000002,65.74649017248296
1877903581118,0.16441800000000004,65.95186522262337
1878203581118,0.16485800000000003,66.12835940633775
1878503581118,0.163898,65.74328118732451
1878803581118,0.16380100000000003,65.7043722422784
1879103581118,0.16182000000000002,64.90974729241879
1879403581118,0.162917,65.34977938227036
1879703581118,0.16356800000000002,65.61091054953872
1880003581118,0.16444300000000003,65.9618933012435
1880303581118,0.16340300000000005,65.54472523064582
1880603581118,0.164253,65.88567990373045
1880903581118,0.16389800000000002,65.74328118732453
1881203581118,0.163283,65.49659045326915
1881503581118,0.164058,65.80746089049339
1881803581118,0.16439600000000001,65.94304051343764
1882103581118,0.162861,65.32731648616125
1882403581118,0.162656,65.24508624147613
1882703581118,0.16184800000000002,64.92097874047333
1883003581118,0.176869,70.94624949859607
1883303581118,0.17994200000000002,72.17890092258324
1883603581118,0.18096500000000001,72.58924989971922
1883903581118,0.17890700000000004,71.7637384677096
1884203581118,0.169825,68.12073806658645
1884503581118,0.169053,67.81107099879664
1884803581118,0.170768,68.49899719213799
1885103581118,0.16928800000000002,67.90533493782593
1885403581118,0.16897800000000002,67.78098676293624
1885703581118,0.16852100000000003,67.59767348576014
1886003581118,0.167713,67.27356598475733
1886303581118,0.16344899999999998,65.56317689530685
1886603581118,0.16320500000000002,65.46530284797434
1886903581118,0.163822,65.71279582831929
1887203581118,0.16458000000000003,66.01684717208184
1887503581118,0.16371200000000005,65.66867228239072
1887803581118,0.166631,66.83955074207782
1888103581118,0.166595,66.82511030886482
1888403581118,0.167236,67.08223024468512
1888703581118,0.166354,66.7284396309667
1889003581118,0.168917,67.75651825110309
1889303581118,0.16629500000000003,66.7047733654232
1889603581118,0.167178,67.05896510228641
1889903581118,0.16993999999999998,68.16686722823906
1890203581118,0.16624200000000003,66.68351383874851
1890503581118,0.16735400000000003,67.12956277577217
1890803581118,0.16719299999999998,67.06498194945848
1891103581118,0.167002,66.98836742880064
1891403581118,0.166527,66.79783393501806
1891703581118,0.166404,66.74849578820698
1892003581118,0.166543,66.80425190533494
1892303581118,0.167375,67.13798636181308
1892603581118,0.167181,67.06016847172081
1892903581118,0.16718699999999997,67.06257521058964
1893203581118,0.1673267,67.11861211391897
1893503581118,0.16710239999999998,67.0286401925391
1893803581118,0.1680521,67.40958684316085
1894103581118,0.16932219999999998,67.91905334937826
1894403581118,0.1695642,68.01612515042117
1894703581118,0.16880829999999997,67.71291616526273
1895003581118,0.1692603,67.8942238267148
1895303581118,0.16869030000000004,67.6655836341757
1895603581118,0.16886630000000002,67.73618130766145
1895903581118,0.16920520000000003,67.87212194143603
1896203581118,0.1696594,68.05431207380666
1896503581118,0.1684284,67.56052948255115
1896803581118,0.1687944,67.70734055354994
1897103581118,0.16794739999999997,67.36758924989971
1897403581118,0.1667334,66.8806257521059
1897703581118,0.16924450000000002,67.88788608102688
1898003581118,0.16624450000000002,66.68451664661052
1898303581118,0.16562860000000001,66.43746490172484
1898603581118,0.1681806,67.46113116726836
1898903581118,0.1682896,67.50485359005215
1899203581118,0.1684916,67.58588046530285
1899503581118,0.1688646,67.73549939831528
1899803581118,0.16947160000000003,67.97898114721221
1900103581118,0.1683965,67.54773365423186
1900403581118,0.1663926,66.7439229843562
1900703581118,0.16968159999999996,68.06321700762132
1901003581118,0.1705486,68.41099077416767
1901303581118,0.1715937,68.83020457280384
1901603581118,0.1736336,69.64845567589249
1901903581118,0.1743236,69.92523064580827
1902203581118,0.1737516,69.69578820697954
1902503581118,0.1735246,69.6047332531087
1902803581118,0.1723366,69.12819895707982
1903103581118,0.1731946,69.47236261532291
1903403581118,0.1720266,69.00385078219014
1903703581118,0.16387649999999998,65.73465703971118
1904003581118,0.16295470000000004,65.36490172482954
1904303581118,0.1628846,65.33678299237866
1904603581118,0.1676936,67.2657841957481
1904903581118,0.16682960000000002,66.91921379863619
1905203581118,0.16415860000000002,65.84781387886082
1905503581118,0.1621626,65.04717208182912
1905803581118,0.16012769999999998,64.2309265944645
1906103581118,0.16255869999999997,65.20605695948656
1906403581118,0.15748360000000003,63.17031688728441
1906703581118,0.15550670000000003,62.37733654231851
1907003581118,0.15811570000000003,63.42386682711594
1907303581118,0.15715169999999998,63.03718411552346
1907603581118,0.15695470000000003,62.958162855996804
1907903581118,0.1567607,62.880344965904534
1908203581118,0.1579027,63.338427597272364
1908503581118,0.15771069999999998,63.261411953469704
1908803581118,0.15808970000000003,63.413437625351
1909103581118,0.1610267,64.59153630164461
1909403581118,0.1629847,65.37693541917369
1909703581118,0.1625567,65.20525471319695
1910003581118,0,0.0
1910303581118,0.16417310000000002,65.8536301644605
1910603581118,0.1641871,65.85924588848778
1910903581118,0.1666601,66.85122342559167
1911203581118,0.16811610000000005,67.43525872442842
1911503581118,0.16565909999999998,66.44969915764139
1911803581118,0.1651442,66.24316085038106
1912103581118,0.1666222,66.83602085840353
1912403581118,0.1675802,67.22029683112716
1912703581118,0.1674172,67.15491375852386
1913003581118,0.16867420000000005,67.65912555154434
1913303581118,0.1690212,67.79831528279182
1913603581118,0.1676042,67.2299237866025
1913903581118,0.1674562,67.17055756117128
1914203581118,0.16693020000000003,66.95956678700362
1914503581118,0.1658742,66.53598074608905
1914803581118,0.16449020000000003,65.9808263136783
1915103581118,0.16375620000000002,65.6864019253911
1915403581118,0.1628273,65.3137986361813
1915703581118,0.1631203,65.4313277176093
1916003581118,0.1627873,65.29775371038909
1916303581118,0.1635003,65.58375451263537
1916603581118,0.16322930000000002,65.47505014039311
1916903581118,0.16099729999999998,64.57974328118732
1917203581118,0.1583053,63.49991977537105
1917503581118,0.1580193,63.38519855595668
1917803581118,0.15765330000000002,63.23838748495789
1918103581118,0.1595283,63.99049338146811
1918403581118,0.15957170000000004,64.00790212595268
1918703581118,0.1574788,63.16839149618934
1919003581118,0.15571680000000002,62.461612515042134
1919303581118,0.1534988,61.57192137986362
1919603581118,0.15235480000000004,61.1130365022062
1919903581118,0.15375889999999998,61.676253509827504
1920203581118,0.15480390000000002,62.09542719614923
